{
  "version": "1.1.0",
  "diagrams": [
    {
      "ordinal": 0,
      "scrollPosition": {
        "x": 0,
        "y": 0
      },
      "nodes": [
        {
          "location": {
            "x": 0,
            "y": 691.26170280954386
          },
          "nodeIndex": "AssignmentDIM",
          "nodeLineageTag": "0355750e-8ca6-4105-ac7f-68b2730ae0de",
          "size": {
            "height": 221.71428571428578,
            "width": 234
          },
          "zIndex": 1
        },
        {
          "location": {
            "x": 268.48796939032326,
            "y": 285.60097329275453
          },
          "nodeIndex": "GradeScores",
          "nodeLineageTag": "5c0f2e77-283a-42b9-b219-c46010769b0d",
          "size": {
            "height": 459.14285714285722,
            "width": 234
          },
          "zIndex": 4
        },
        {
          "location": {
            "x": 685.55325895831277,
            "y": 614.09298348334937
          },
          "nodeIndex": "StudentSurveyData",
          "nodeLineageTag": "5be28232-b7a0-4224-a725-9e87914d057b",
          "size": {
            "height": 452.85714285714289,
            "width": 234
          },
          "zIndex": 2
        },
        {
          "location": {
            "x": 685.47930577427951,
            "y": 12.857142857142833
          },
          "nodeIndex": "UniversitySuppliedData",
          "nodeLineageTag": "dda85270-ed05-461d-9af7-fe43c4df7cd2",
          "size": {
            "height": 508.57142857142856,
            "width": 234
          },
          "zIndex": 3
        }
      ],
      "name": "All tables",
      "zoomValue": 70,
      "pinKeyFieldsToTop": false,
      "showExtraHeaderInfo": false,
      "hideKeyFieldsWhenCollapsed": false,
      "tablesLocked": false
    }
  ],
  "selectedDiagram": "All tables",
  "defaultDiagram": "All tables"
}